﻿<?xml version="1.0" encoding="utf-8" ?>
<objects xmlns="http://www.springframework.net">

  <object id="HomeController" singleton="false" type="SpringWorkshop.Controllers.HomeController">
    <constructor-arg value="Hola mundo"/>
  </object>

  <object id="ClienteController" singleton="false" type="SpringWorkshop.Controllers.ClienteController">
    <constructor-arg ref="ClienteService"/>
  </object>

  <object id="PedidoController" singleton="false" type="SpringWorkshop.Controllers.PedidoController">
    <constructor-arg  name="pedidoService" ref="PedidoService"/>
  </object>
  
</objects>
