﻿<?xml version="1.0" encoding="utf-8" ?>

<objects xmlns="http://www.springframework.net">
  
  <object name="CommonLoggingAdvice" type="Spring.Aspects.Logging.SimpleLoggingAdvice, Spring.Aop">
    <property name="LogUniqueIdentifier" value="true"/>
    <property name="LogExecutionTime"    value="true"/>
    <property name="LogMethodArguments"  value="true"/>
    <property name="LogReturnValue"      value="true"/>
    <property name="Separator"           value=";"/>
    <property name="LogLevel"            value="Info"/>
    <property name="HideProxyTypeNames"  value="true"/>
    <property name="UseDynamicLogger"    value="true"/>
  </object>
</objects>
