<Modules>
  <Module PersistentId="424F9898-D734-44CA-9B12-BC06557AFFFD" ModuleId="SpringWorkshop.IntegrationTests" />
  <Module PersistentId="4EB017E8-C066-498C-9336-912FFAFDE93F" ModuleId="SpringWorkshop.Domain" />
  <Module PersistentId="BD464734-714D-4CAC-ABBD-365325191FF3" ModuleId="SpringWorkshop.Persistence" />
  <Module PersistentId="D40179A8-E13C-4B37-86AE-20A717DE52C9" ModuleId="SpringWorkshop.Controllers" />
  <Module PersistentId="BF43698B-9314-4FAD-956E-0182B27EEA4D" ModuleId="SpringWorkshop.ApplicationServices" />
  <Module PersistentId="BCCB04FA-D34C-4D18-8413-10D52483AAC6" ModuleId="SpringWorkshop.CrossCutting" />
  <Module PersistentId="Spring.Data.NHibernate21, Version=1.3.0.20349, Culture=neutral, PublicKeyToken=65e474d141e25e07" ModuleId="Spring.Data.NHibernate21" />
  <Module PersistentId="939EA467-DA15-40B2-A823-E3294B96580B" ModuleId="SpringWorkshop.Web" />
</Modules>