﻿<?xml version="1.0" encoding="utf-8" ?>
<log4net debug="false">

  <appender name="RollingFileAppender" type="log4net.Appender.RollingFileAppender">
    <file value="Logs/log.txt" />
    <appendToFile value="true" />
    <rollingStyle value="Size" />
    <maxSizeRollBackups value="10" />
    <maximumFileSize value="100KB" />
    <staticLogFileName value="true" />
    <layout type="log4net.Layout.PatternLayout">
      <conversionPattern value="%date [%-5level] %logger - %message%newline" />
    </layout>
  </appender>

  <root>
    <level value="INFO" />
    <appender-ref ref="RollingFileAppender" />
  </root>
</log4net>